/*
Navicat MySQL Data Transfer

Source Server         : localhost_3306
Source Server Version : 50505
Source Host           : localhost:3306
Source Database       : shop

Target Server Type    : MYSQL
Target Server Version : 50505
File Encoding         : 65001

Date: 2017-01-13 16:04:54
*/

SET FOREIGN_KEY_CHECKS=0;

-- ----------------------------
-- Table structure for config
-- ----------------------------
DROP TABLE IF EXISTS `config`;
CREATE TABLE `config` (
  `id` int(11) unsigned NOT NULL AUTO_INCREMENT,
  `title` varchar(20) NOT NULL,
  `keywords` varchar(120) NOT NULL,
  `description` varchar(255) NOT NULL,
  `status` enum('2','1') NOT NULL DEFAULT '1',
  `logo` varchar(100) NOT NULL,
  PRIMARY KEY (`id`)
) ENGINE=InnoDB AUTO_INCREMENT=2 DEFAULT CHARSET=utf8;

-- ----------------------------
-- Records of config
-- ----------------------------
INSERT INTO `config` VALUES ('1', 'Pantry\'s Best', '蛋糕,网上订购,生日,派对,红丝绒,纸杯蛋糕', '派悦坊,非凡创意美味蛋糕、经典纸杯蛋糕、大都会红丝绒蛋糕,均坚持选择纯进口原材料,给生日,派对带来不同惊喜，与朋友们、家人分享独一无二的美味快乐！', '1', '14841828229904.jpg');

-- ----------------------------
-- Table structure for enshrine
-- ----------------------------
DROP TABLE IF EXISTS `enshrine`;
CREATE TABLE `enshrine` (
  `id` int(10) unsigned NOT NULL AUTO_INCREMENT,
  `goodsid` int(10) unsigned NOT NULL,
  `uid` int(10) unsigned NOT NULL,
  `enshtime` varchar(20) NOT NULL,
  PRIMARY KEY (`id`)
) ENGINE=InnoDB AUTO_INCREMENT=11 DEFAULT CHARSET=utf8;

-- ----------------------------
-- Records of enshrine
-- ----------------------------
INSERT INTO `enshrine` VALUES ('5', '1', '17', '2017-01-08');
INSERT INTO `enshrine` VALUES ('6', '1', '17', '2017-01-08');
INSERT INTO `enshrine` VALUES ('7', '1', '17', '2017-01-08');
INSERT INTO `enshrine` VALUES ('8', '1', '17', '2017-01-08');
INSERT INTO `enshrine` VALUES ('9', '1', '17', '2017-01-08');
INSERT INTO `enshrine` VALUES ('10', '12', '17', '2017-01-08');

-- ----------------------------
-- Table structure for event
-- ----------------------------
DROP TABLE IF EXISTS `event`;
CREATE TABLE `event` (
  `id` int(10) unsigned NOT NULL AUTO_INCREMENT,
  `pic` varchar(255) DEFAULT NULL,
  `time` varchar(20) DEFAULT NULL,
  `rule` text,
  PRIMARY KEY (`id`)
) ENGINE=InnoDB AUTO_INCREMENT=3 DEFAULT CHARSET=utf8;

-- ----------------------------
-- Records of event
-- ----------------------------
INSERT INTO `event` VALUES ('1', '14838378869588.jpg', '即日起至12月4日', '1、派悦坊会员官网或微信购买蛋糕产品，并选择杭州嘉里中心门店自提享受85折优惠。\r\n2、杭州需要提前24小时预订。\r\n3、此次活动不会员折扣同享，不支持优惠券、礼品卡使用，不支持货到付款。');
INSERT INTO `event` VALUES ('2', '14838379691550.jpg', '即日起至10月31日', '1. 活动期间，杭州、天津客户第一次订购任意外送正价产品，可享8折优惠，并享受会员积分；积分按照产品实际金额计算\r\n2. 本活动需通过派悦坊官网（pantrysbest.com）登录并下单才可参与，其他订购渠道(包括官方淘宝店、天猫、400热线等)均不享受优惠\r\n3. 本次活动仅限天津、杭州本地配送，其他地区暂不参加\r\n4. 首单折扣仅限正价产品，区域外配送费、额外餐具及附加周边产品不享受优惠折扣\r\n5. 本活动不与其他优惠活动叠加使用');

-- ----------------------------
-- Table structure for goods
-- ----------------------------
DROP TABLE IF EXISTS `goods`;
CREATE TABLE `goods` (
  `id` int(11) unsigned NOT NULL AUTO_INCREMENT,
  `classname` varchar(100) NOT NULL,
  `goodsname` varchar(60) NOT NULL,
  `goodsprice` int(10) unsigned NOT NULL,
  `goodsinfo` text NOT NULL,
  `gocarinfo` text NOT NULL,
  `remark` text NOT NULL,
  `goodspicb` varchar(100) NOT NULL,
  `goodspics` varchar(100) NOT NULL,
  `dosing` varchar(255) NOT NULL,
  `status` enum('3','2','1') CHARACTER SET utf8mb4 NOT NULL DEFAULT '1' COMMENT '1:正常 2:下架 3:新品 4:热卖',
  `hot` int(11) DEFAULT NULL COMMENT '1:热卖',
  PRIMARY KEY (`id`),
  UNIQUE KEY `goodsname` (`goodsname`)
) ENGINE=InnoDB AUTO_INCREMENT=67 DEFAULT CHARSET=utf8;

-- ----------------------------
-- Records of goods
-- ----------------------------
INSERT INTO `goods` VALUES ('1', '圣诞精选', '惊叹树心蛋糕', '229', '3D艺术，匠心之作，暗藏惊喜，刹那永恒', '白色乳酪糖霜加上新鲜的红加仑，经典红丝绒蛋糕胚内嵌绿色抹茶乳酪圣诞树心。切开的那一刹那，乳酪糖霜化成白雪飘落在圣诞树上，满满的祝福随着惊喜如约而至。蛋糕入口，软绵湿润，经典香醇，唇齿间都是圣诞的味道。', '即日起至12月24日订购，将有机会获得2017年限量迪士尼系列蛋糕主题磁贴年历一份\r\n\r\n购买惊叹树心蛋糕，即可获得派悦坊惊叹蛋糕刀1把 ', '14841824096362.png', '14841824299861.jpg', '可可粉（法国）、奶油奶酪（澳大利亚）、黄油（新西兰）、乳脂奶油（新西兰）、砂糖（韩国）、糖粉（香港）、面粉（中国）、鸡蛋（中国）、抹茶粉（中国）、鱼胶粉（香港）、红加仑（法国） ', '2', '0');
INSERT INTO `goods` VALUES ('2', '圣诞精选', '惊叹雪人蛋糕', '399', '3D艺术，匠心之作，暗藏惊喜，刹那永恒', '以淡奶油为基底，搭配巧克力慕斯、抹茶慕斯和原味慕斯，灌注在粉色树莓慕斯中及巧克力物语蛋糕胚之上，使蛋糕垂直切下便能呈现出一个憨态可掬戴着帽子的小雪人形象，好像圣诞老人带来的神奇魔法。', '购买惊叹雪人蛋糕，即可获得派悦坊惊叹蛋糕刀1把', '14830656281069.jpg', '14830656281026.jpg', '可可粉（马来西亚）、奶油奶酪（澳大利亚）、黄油（新西兰）、乳脂奶油（新西兰）、砂糖（韩国）、糖粉（香港）、面粉（中国）、鸡蛋（中国）、抹茶粉（中国）、鱼胶粉（香港）、黑巧克力（比利时）、迷迭香（中国）、新鲜树莓（中国）、树莓果茸（比利时）、巴旦木（美国） ', '1', null);
INSERT INTO `goods` VALUES ('3', '迪士尼系列', '冰雪奇缘树心蛋糕', '319', '冰雪世界，调皮雪宝，惊叹绝伦，情谊无限', '白雪皑皑的天地，是冰雪女王的世界。艾莎和安娜仿佛回到孩童时候，和调皮的雪宝，其乐融融地玩耍着。艾莎展现着超能力魔法，不仅为他们变幻出晶莹的冰雪，还使这款蛋糕与众不同。当你切开蛋糕，神奇之处跃然眼前——原来蛋糕里藏着一棵可爱的圣诞树，而且是无论在哪个角度切下，都有完整的树心呈现。为艾莎疯狂的孩子们，大概会尖叫着蹦起来吧！让人们在切开的那一刻，仿佛拥有艾莎的超能力一般，惊叹美好绝伦，分享情谊无限，是此款蛋糕最了不起的魔力。', '即日起至12月25日订购，将有机会获得2017年限量迪士尼系列蛋糕主题磁贴年历一份\r\n蛋糕上面的迪士尼主题装饰为巧克力，可以放心食用。松树为迷迭香，不建议食用', '14830661275534.jpg', '14830661275179.jpg', '可可粉（法国）、奶油奶酪（澳大利亚）、黄油（新西兰）、乳脂奶油（新西兰）、砂糖（韩国）、糖粉（香港）、面粉（中国）、鸡蛋（中国）、抹茶粉（中国）、鱼胶粉（香港）、白巧克力（中国）、新鲜蓝莓（美国）、迷迭香（中国） ', '1', '1');
INSERT INTO `goods` VALUES ('4', '迪士尼系列', '小熊维尼原味重乳酪蛋糕 ', '299', '童心未泯、憨态可掬、乳酪乐园、欢愉分享', '“今天的早餐是什么？”“多一点蜂蜜，再多一点蜂蜜……”维尼小熊憨憨的声音响起，对喜爱食物的渴望代表着对全世界的期待，满足了食欲就拥有了欢愉。可爱的维尼为了找寻最爱，被执着的蜜蜂一路追赶，甚至追到了蛋糕盒里！所幸维尼最后一头栽进乳酪里，终于可以大吃一顿。芝香浓郁的原味重乳酪蛋糕打底，屁屁朝天的巧克力维尼小熊为装饰，外形风趣，口味圆满。适合喜爱维尼的你，也适合欢聚一堂的场合，其乐融融，温馨满足。', '蛋糕上面的维尼小熊为造型巧克力，可以放心食用', '14830663962916.jpg', '14830663962750.jpg', '白巧克力（法国）、奶油奶酪（澳大利亚）、乳脂奶油（新西兰）、砂糖（韩国）、黄油（新西兰）、鸡蛋（中国）、碧根果（美国）、百香果果蓉（比利时） ', '3', '0');
INSERT INTO `goods` VALUES ('5', '迪士尼系列', '冰雪奇缘迷你纸杯蛋糕', '219', '冰雪姐妹，魅力释放，真爱无敌，美味奇缘', '拥有冰雪魔法的艾莎女王，和善良勇敢的安娜公主，这对风靡全球的艾伦戴尔姐妹花，在相亲相爱中成长，她们如此美丽，充满魅力，是孩子甚至成人心中的偶像。选用红丝绒、巧克力、椰子、柠檬四款经典好味的迷你纸杯蛋糕，加入艾莎、安娜、雪宝、雪花为装饰，组成冰雪奇缘迷你纸杯蛋糕礼盒。真爱融化冰封，美味成就奇缘。具有爱与魔法的超能力的此套礼盒，最适合孩子们的聚会，及分享情谊的任何场合。', '即日起至12月24日订购，将有机会获得限量迪士尼系列蛋糕主题磁贴年历一份\r\n\r\n纸杯蛋糕上面的主题装饰为糖和巧克力制作，可以放心食用', '14830665261643.jpg', '14830665269425.jpg', '奶油奶酪（法国），椰蓉（美国）、椰香精油（泰国）、柠檬（中国）、干佩斯（英国）、65%黑巧克力（比利时）、低筋面粉（中国），乳脂奶油（德国），细砂糖（韩国），黑巧克力（比利时），可可粉（马来西亚），牛奶（中国），黄油（新西兰），鸡蛋（中国） ', '1', '1');
INSERT INTO `goods` VALUES ('6', '迪士尼系列', '小熊维尼主题纸杯蛋糕礼盒', '199', '可爱朋友、齐聚一堂、甜蜜气氛、友爱分享', '可爱的小熊维尼和朋友们住在美丽的森林里，每天都有许多动人有趣的故事发生。每当维尼和朋友们相聚一起，往往就是精彩历险的开始。除了四款经典口味的纸杯蛋糕外，还有特别为小熊维尼度身定制的他最爱的蜂蜜纸杯蛋糕，香草蛋糕胚搭配蜂蜜乳酪糖霜，上面还有胖乎乎的美国进口mm豆小蜜蜂。这套充满了友爱、欢愉、分享的礼盒里“会有什么有趣的事发生呢”？维尼邀请你和他的朋友们一起期待美味惊喜。\r\n\r\n\r\n', '纸杯蛋糕上面的主题装饰均为巧克力， 可以放心食用', '14830666386448.jpg', '14830666385812.jpg', '奶油奶酪（法国），蜂蜜（中国）、香蕉（中国）、核桃（中国）、65%黑巧克力（比利时）、MM豆（美国）、树莓粉（中国）、低筋面粉（中国），乳脂奶油（德国），细砂糖（韩国），黑巧克力（比利时），可可粉（马来西亚），牛奶（中国），黄油（新西兰），鸡蛋（中国） ', '1', null);
INSERT INTO `goods` VALUES ('7', '迪士尼系列', '疯狂动物城纸杯蛋糕礼盒', '199', '动物王国，妙趣横生，勇敢追梦，美味成真', '红丝绒、抹茶、巧克力、胡萝卜、柠檬、苹果纸杯，插上疯狂动物城主题巧克力片，与特别设计的蛋糕纸托相得益彰，机智敏捷的Judy、狡黠却仗义的Nick、慢半拍的树獭先生，栩栩如生。 赐予你满满的正能量的纸杯蛋糕礼盒，让生活多一些风趣可爱的插曲，多一份美好梦想的期许。', '纸杯蛋糕上面的主题装饰均为巧克力， 可以放心食用', '14830667515744.jpg', '14830667518143.jpg', '72%黑巧克力（法国）、可可粉（法国）、奶油奶酪（澳大利亚）、抹茶粉（中国）、胡萝卜（中国）、柠檬（中国）、苹果（中国）、碧根果（美国）、黄油（新西兰）、乳脂奶油（新西兰）、砂糖（韩国）、面粉（中国）、鸡蛋（中国） ', '1', null);
INSERT INTO `goods` VALUES ('8', '迪士尼系列', '爱丽丝梦游仙境纸杯蛋糕', '199', '梦幻茶会、三重美味、奇妙仙境、栩栩如生', '以受欢迎的红丝绒、薄荷巧克力、柠檬、黑森林、田园与百香果纸杯蛋糕为基底、爱丽丝梦游仙境主题为装饰的这套纸杯蛋糕礼盒，透着浓浓的少女心。想和闺蜜来一场粉红色的下午茶吗？聚会、庆祝、分享、怀旧，如爱丽丝般可爱、勇敢女孩们，永远在一起，就是十八岁。 ', '爱丽丝主题装饰插牌均为纸质，不可食用；红丝绒纸杯、薄荷巧克力纸杯上为红色桃心巧克力和黑巧克力碎装饰', '14830668585636.jpg', '14830668584504.jpg', '奶油奶酪（法国），百香果果茸（比利时），新鲜百香果（中国），薄荷酒（德国）、天然薄荷精（澳大利亚）、樱桃力娇酒（荷兰）、樱桃（中国）、柠檬（中国）、65%黑巧克力（比利时）、低筋面粉（中国），乳脂奶油（德国），细砂糖（韩国），黑巧克力（比利时），可可粉（马来西亚），牛奶（中国），黄油（新西兰），鸡蛋（中国） ', '1', null);
INSERT INTO `goods` VALUES ('9', '迪士尼系列', '爱丽丝梦游仙境红丝绒蛋糕', '299', '唯美搭配、童话重现、温软甜美、美味奇缘', '以经典红丝绒蛋糕胚为基底，树莓乳酪糖霜和树莓肉为夹层内馅，粉色乳酪糖霜为表面糖霜，顶上是新鲜的树莓与红加仑。由巧克力片制成的爱丽丝和下午茶茶具在蛋糕顶上栩栩如生，和爱丽丝一起 EAT ME！', '1、时令水果会受到季节性影响而有所调整，请以实物为准；\r\n\r\n2、蛋糕使用的部分鲜果原料为当日采购，如遇到当日水果品质达不到制作标准，客服可能和您联络更换产品或更换鲜果品种。', '14830669557896.jpg', '14830669553783.jpg', '低筋面粉（中国）、牛奶（中国）、乳脂奶油（德国） 、细砂糖（韩国）、黄油（新西兰）、奶油奶酪（美国）、鸡蛋（中国）、白巧克力（比利时）、红加仑（法国）、树莓（中国） ', '1', null);
INSERT INTO `goods` VALUES ('10', '迪士尼系列', '疯狂动物城大地女神蛋糕', '249', '甜蜜梦想、完美呈现、谷物丰富、醇厚健康', '富含营养，健康美味的大地女神胡萝卜蛋糕，加上顶部的巧克力片装饰，变身为疯狂动物城的兔窝镇特产，随着小镇人口的猛增，内含核桃碎与提子干，覆盖浓郁乳酪糖霜，口感丰富甜润的胡萝卜蛋糕销量越来越高。想做一只像Judy那样勇敢机智，无所不能的兔子吗？来一口吧！ ', '商品上的胡萝卜为巧克力制作，可以放心使用', '14830671351950.jpg', '14830671353912.jpg', '胡萝卜（中国）、核桃（中国）、提子干（中国）、鸡蛋（中国）、肉桂（中国）、面粉（中国）、奶油奶酪（法国）、香草（美国）、糖粉（香港）、白巧克力（法国） ', '1', '1');
INSERT INTO `goods` VALUES ('11', '纸杯蛋糕', '黑森林纸杯蛋糕', '25', '绵密奶酪，樱桃酒醉，浓美香醇，唤醒味蕾', '香浓纯正的巧克力蛋糕胚内嵌自制樱桃果馅，顶面以绵密香甜的奶酪糖霜为基底，配以60%的巧克力卷和自制樱桃果粒，多种丰富惊喜的口感让你无比幸福满足。', '除纸杯外都可放心使用', '14830674285236.jpg', '14830674281636.jpg', '面粉（中国）、奶油奶酪（美国）、乳脂奶油（德国）、黄油（新西兰）、砂糖（中国）、巧克力（比利时）、可可粉（马来西亚）、樱桃力娇酒（荷兰）、樱桃汁（中国） ', '1', null);
INSERT INTO `goods` VALUES ('12', '纸杯蛋糕', '蒙布朗栗香纸杯蛋糕', '35', '丝丝柔绵，融化齿间，栗绒香浓，妙不可言', '层层迭迭的糯香栗子泥光是看着就足够让人馋涎了，夹杂着栗子肉的蛋糕胚口感绵密细腻，包裹着的香草卡仕达馅儿更是赋予了意想不到的甜润惊喜。', '除纸杯外都可放心使用', '14830675166110.jpg', '14830675167179.jpg', '栗子泥（法国），特等板栗（中国），黄油（新西兰），朗姆酒（波多黎各），面粉（中国），细砂糖（韩国），黑白芝麻（中国），可可粉（中国），鸡蛋（中国） ', '1', '1');
INSERT INTO `goods` VALUES ('13', '纸杯蛋糕', '南瓜纸杯蛋糕', '25', '咸甜交融，绵延不绝，乳酪为伴，浓情碰撞', '以南瓜口味的蛋糕胚为底，淋有浓郁焦糖酱的焦糖乳酪糖霜裱花，两者间蕴藏着纯纯的南瓜泥内心，优质的原材料造就了它独特的醇厚细腻的口感，而蛋糕面上辅以南瓜籽装饰，唤醒这秋日的南瓜之恋。', '除纸杯外都可放心使用', '14830676189398.jpg', '14830676182560.jpg', '马斯卡波尼奶酪 (意大利)、淡奶油 （法国）、白砂糖（韩国）、南瓜籽（中国）、黄油（新西兰）、南瓜（中国）、鸡蛋（中国）、面粉（中国）', '1', null);
INSERT INTO `goods` VALUES ('14', '纸杯蛋糕', '姜饼人纸杯蛋糕', '35', '圣诞纸杯，萌心伙伴，微甜淡姜，驱寒暖胃', '古老的姜味和悠远的肉桂味，在蛋糕中变幻出奇妙美味，在奉上味觉享受的时候，姜汁红糖馅为你驱寒暖胃。浓浓姜味来自于新鲜生姜，这在一般甜品中难得一见，朴实的东方香料混合了经典的西方烘焙原料及技术，成就了美味奇缘。', '除纸杯外都可放心使用', '14830676935687.jpg', '14830676932137.jpg', '奶油奶酪（美国/法国）、朗姆酒（美国）、桃心软糖（中国）、杏仁粉（美国）、白砂糖（韩国）、生姜（中国）、牛奶（中国/德国）、红糖（中国）、鸡蛋（中国）、面粉（中国） ', '1', null);
INSERT INTO `goods` VALUES ('15', '纸杯蛋糕', '百香果巧克力纸杯蛋糕 ', '25', '果香馥郁、口感丰富、酸甜清新、轻盈美妙', '浓郁的巧克力蛋糕胚内嵌入自制柠檬百香果酱，浓香黑巧克力恰好中和了百香果特有的酸甜。而蛋糕面上的乳酪糖霜裱花中间填满百香果酱，入口后层次丰富，让你的味蕾尽享轻盈美妙的微酸，融化在心尖却是清新动人的甜。', '除纸杯外都可放心使用', '14830677622992.jpg', '14830677625729.jpg', '百香果果茸（比利时），新鲜百香果（中国），奶油奶酪（法国），低筋面粉（中国），乳脂奶油（德国），细砂糖（韩国），黑巧克力（比利时），可可粉（马来西亚），牛奶（中国），黄油（新西兰），鸡蛋（中国） ', '1', null);
INSERT INTO `goods` VALUES ('16', '纸杯蛋糕', '抹茶黑芝麻纸杯蛋糕 ', '25', '灰配绿，顶上的黑芝麻淡奶油挤花，带有几分时尚高冷的气质。', '灰配绿，内填浓郁黑芝麻卡仕达酱的清新抹茶蛋糕胚，顶上的黑芝麻淡奶油挤花，带有几分时尚高冷的气质。', '除纸杯外都可放心使用', '14830678241856.jpg', '14830678242503.jpg', '黑芝麻（中国），低筋面粉（中国），牛奶（中国），乳脂奶油（德国），细砂糖（韩国），黄油（新西兰），鸡蛋（中国），抹茶粉（中国）', '1', null);
INSERT INTO `goods` VALUES ('17', '纸杯蛋糕', '百香果纸杯蛋糕', '25', '质地轻盈，口感软滑，果香缭绕，让人回味', '香甜的香草蛋糕胚内嵌入自制微酸新鲜柠檬百香果酱，口感酸甜，清新不腻，浅尝一口就像夏日里吹来的一阵凉风一样让人舒适，一切都那么恰到好处，让人爱不释口。', '除纸杯外都可放心使用', '14830679603738.jpg', '14830679606603.jpg', '百香果果茸（比利时），新鲜百香果（中国），奶油奶酪（美国），低筋面粉（中国），牛奶（中国），乳脂奶油（德国），细砂糖（韩国），黄油（新西兰），鸡蛋（中国） ', '1', null);
INSERT INTO `goods` VALUES ('18', '纸杯蛋糕', '摩卡纸杯蛋糕', '25', '馥郁香醇，微苦回甘，亦苦亦甜，温润缠绵', '以摩卡蛋糕胚为基底，内嵌裹有巧克力焦糖核桃的咖啡卡仕达酱，与微苦中带有浓醇、厚实、柔软口感的咖啡奶油裱花，辅以咖啡豆巧克力插片做装饰堪称完美搭配。入口亦苦，亦甜，犹如在食物中的秘境穿梭，若是搭配一杯红茶，必然是微凉秋日里的优雅享受。', '除纸杯外都可放心使用', '14830680995451.jpg', '14830680994857.jpg', '巧克力（比利时）、咖啡豆（巴西）、乳脂奶油（新西兰）、白砂糖（韩国）、核桃（美国）、鸡蛋（中国）、牛奶（中国）、面粉（中国） ', '3', null);
INSERT INTO `goods` VALUES ('19', '纸杯蛋糕', '薄荷巧克力纸杯蛋糕', '25', '醇香黑巧，劲爽薄荷，椰林树影，水清沙幼', '融入65%黑巧克力的浓香蛋糕胚，顶上是加入了薄荷酒的薄荷味淡奶油，最赞的是内馅巧克力混合薄荷酒填馅儿。浓郁的巧克力和清新的薄荷，混搭后美味加倍。\r\n', '除纸杯外都可放心使用', '14830681912398.jpg', '14830681918785.jpg', '65%黑巧克力（比利时）、可可粉（美国）、黄油（新西兰）、薄荷酒（德国）、乳脂奶油（德国）、天然薄荷精（澳大利亚）、薄荷叶（自养）、鸡蛋（中国）、面粉（中国）\r\n中号', '1', null);
INSERT INTO `goods` VALUES ('20', '纸杯蛋糕', '苹果纸杯蛋糕', '25', '软糯蛋糕，酥香坚果，新鲜果肉，迷离肉桂', '这个季节食用再合适不过了，顶上大颗酥脆的碧根果已经很诱人了，但咬下蛋糕含着苹果肉馅的那一刻，惊喜在口中已无需多言。 一整块新鲜清甜的苹果派肉馅藏在，散发淡淡古老肉桂香味的蛋糕胚中，一口入嘴，暖暖甜甜，遍布味蕾，美味温暖顷刻融化你心。', '除纸杯外都可放心使用', '14830682665201.jpg', '14830682661861.jpg', '奶油奶酪（美国） 、黄油（新西兰）、苹果（中国）、碧根果（美国）、肉桂粉（中国）、白砂糖（中国）、巴旦木粉（美国）、面粉（中国）、红糖（红糖）、盐（中国）、蜂蜜（中国）', '1', null);
INSERT INTO `goods` VALUES ('21', '纸杯蛋糕', '红丝绒纸杯蛋糕', '25', '传奇配方，红绒白酪，细软厚重，相映成趣', '顶上是瑞士蛋白乳酪糖霜，搭配松软湿润的红丝绒蛋糕胚和乳酪糖霜夹心。', '除纸杯外都可放心使用', '14830683391099.jpg', '14830683398086.jpg', '可可粉（法国）、奶油奶酪（澳大利亚）、黄油（新西兰）、乳脂奶油（新西兰）、砂糖（韩国）、糖粉（香港）、面粉（中国）、鸡蛋（中国）', '1', null);
INSERT INTO `goods` VALUES ('22', '纸杯蛋糕', '抹茶纸杯蛋糕', '25', '原生绿茶，精心研磨的，松软蛋糕，抹茶夹心，奶酪糖霜，訚訚茶香', '产地原生绿茶，精心研磨的一级抹茶粉，烤制成松软蛋糕胚，填入抹茶奶油夹心。马斯卡伯尼奶酪和抹茶粉调和成的糖霜，让优雅的茶香之韵在舌尖散发开来。', '除纸杯外都可放心使用', '14830683986489.jpg', '14830683988445.jpg', '抹茶粉（中国）、马斯卡伯尼奶酪（意大利）、黄油（澳大利亚）、鸡蛋（中国）、砂糖（中国）、面粉（中国） ', '1', null);
INSERT INTO `goods` VALUES ('23', '纸杯蛋糕', '巧克力纸杯蛋糕', '25', '烘培黑巧，柔软湿润，微妙苦甜', '在巧克力诞生后，人们经过了超过一个世纪的时间才发现如何把巧克力融入高温烘焙的蛋糕之中，与面团细腻地融合。柔软湿润的蛋糕质地，和香脆的榛仁。回味里有黑巧和榛仁融合的幸福味道。', '除纸杯外都可放心使用', '14830684481659.jpg', '14830684485255.jpg', '72%黑巧克力（法国）、可可粉（法国）、榛子（中国）、黄油（新西兰）、鸡蛋（中国）、面粉（中国） ', '1', null);
INSERT INTO `goods` VALUES ('24', '纸杯蛋糕', '香蕉纸杯蛋糕', '25', '香蕉蛋糕胚配上香草布丁夹心再加上顶上完美的蜂蜜肉桂糖霜，口感丰富的一款纸杯蛋糕', '蛋糕搭配新鲜香蕉果粒烘烤而成，绵密得毫无空隙，却质感轻盈，入口即化。', '除纸杯外都可放心使用', '14830684966152.jpg', '14830684961383.jpg', '香蕉（中国）、牛奶（中国）、乳脂奶油（新西兰）、鸡蛋（中国）、核桃（中国）、面粉（中国）、黄油（澳大利亚）、香草（美国） ', '1', null);
INSERT INTO `goods` VALUES ('25', '纸杯蛋糕', '椰子纸杯蛋糕', '25', '椰香习习，椰丝缕缕，淡淡香甜，轻盈享受', '椰香习习，椰丝缕缕，淡淡香甜，轻盈享受 闭上眼，是阳光海滩的轻风，张开眼，是香烤椰丝的点缀，送入口，是不同质感的汇合。', '除纸杯外都可放心使用', '14830685417371.jpg', '14830685412903.jpg', '椰丝（美国），椰香精油（泰国），奶油（新西兰），鸡蛋（中国），砂糖（韩国） ', '1', '1');
INSERT INTO `goods` VALUES ('31', '纸杯蛋糕', '柠檬纸杯蛋糕', '25', '柠檬蛋糕，柠檬流心，柠檬糖霜，丝感酸甜', '松软清爽的柠檬蛋糕，注入新鲜柠檬汁制作的流心，再搭配黄油和新鲜柠檬制作的糖霜，小清新的酸甜滋味。', '除纸杯外都可放心使用', '14830688554577.jpg', '14830688551342.jpg', '奶油奶酪（美国）、乳脂奶油（新西兰）、细砂糖（韩国）、柠檬（中国）、鸡蛋（中国）、面粉（中国）、牛奶（中国） ', '1', null);
INSERT INTO `goods` VALUES ('32', '纸杯蛋糕', '抹茶巧克力纸杯蛋糕', '25', '醇香黑巧，融入蛋糕，抹茶流心，乳酪糖霜，融贯东西，巧味茶香', '略带苦味的巧克力蛋糕胚，填入抹茶奶油夹心。马斯卡伯尼奶酪和抹茶粉调和成的糖霜。融合了世界两大饮料——巧克力、茶的经典浓香，东西方结合的俏皮甜美，让抹茶跳跃起来。', '除纸杯外都可放心使用', '14830689068275.jpg', '14830689063020.jpg', '抹茶粉（中国）、可可粉（台湾）、马斯卡伯尼奶酪（意大利）、香草（美国）、黄油（澳大利亚） ', '1', null);
INSERT INTO `goods` VALUES ('33', '纸杯蛋糕', '田园纸杯蛋糕', '25', '甜润的胡萝卜蛋糕，混杂核桃碎与提子干，覆盖微酸的乳酪糖霜，口感丰富，送出齿颊留香的幸福', '甜润的胡萝卜蛋糕，混杂核桃碎与提子干，覆盖微酸的乳酪糖霜，口感丰富，送出齿颊留香的幸福', '除纸杯外都可放心使用', '14830689586703.jpg', '14830689584123.jpg', '胡萝卜（中国）、核桃（中国）、提子干（中国）、鸡蛋（中国）、肉桂（中国）、面粉（中国）、奶油奶酪（澳大利亚）、香草（美国）、糖粉（香港） ', '1', null);
INSERT INTO `goods` VALUES ('34', '派', '南瓜派', '199', '南瓜为泥，奇香杂糅，秘方熬制，慢慢烘烤', '你只道，南瓜火鸡，感恩必备？不仅如此，它是家人团聚的回忆，是朋友欢聚的温度。更不为人知的是，淡淡南瓜香，能使女人莫名兴奋……', '均可放心使用', '14830690757192.jpg', '14830690759600.jpg', '南瓜，肉桂，豆蔻，沙姜，丁香，牛奶，鸡蛋，酥皮 ', '1', null);
INSERT INTO `goods` VALUES ('35', '派', '经典苹果派', '159', '新鲜苹果，古老肉桂，妙绝口感，一旦爱上，欲罢不能', '难怪，诗人Robert Green形容可爱的女孩，她的呼吸像一缕苹果派的味道。经典配方，传统烘烤，一口咬下，店主带你来到他儿时的厨房，祖母系着围裙，从烤箱里端出热烘烘的苹果派……', '均可放心使用', '14830691411677.jpg', '14830691413685.jpg', '苹果，肉桂，豆蔻，柠檬汁，新西兰黄油，酥皮 ', '1', null);
INSERT INTO `goods` VALUES ('36', '派', '淡奶香蕉派', '159', '薄片香蕉，香草布丁，淡奶相融，清新草地，柔滑天空', '不喜浓妆艳抹，只爱平静淡雅，闭上眼，安安静静飞到天涯海角……', '均可放心使用', '14830691989854.jpg', '14830691988833.jpg', '香蕉，牛奶，鸡蛋，新西兰黄油，美国进口香草，天然淡奶油，酥皮 ', '1', null);
INSERT INTO `goods` VALUES ('37', '派', '综合莓果乳酪派', '249', '优雅的黑，热烈的红，纯洁的白，带来初夏唇边的一抹感动', '真正水果的酸甜结合澳洲奶油乳酪的细腻口感，微酸甜润，恰到好处。树莓、桑葚与乳酪经过派悦坊精确的温控烤制，让食材天然颜色充分展现。', '均可放心使用', '14830692583104.jpg', '14830692589054.jpg', '冰鲜树莓（中国）、冰鲜桑葚（中国）、冰鲜草莓（中国）、奶油奶酪（澳大利亚）、鸡蛋（中国）、乳脂奶油（中国）、淀粉（泰国）、面粉（中国）、黄油（澳大利亚）、酥油（台湾） ', '1', null);
INSERT INTO `goods` VALUES ('38', '派', '法式布丁派', '159', '淡香淡甜，慢慢回甘，娇嫩软滑，精心呵护的幸福', '淡香淡甜，慢慢回甘，娇嫩软滑，精心呵护的幸福', '均可放心使用', '14830693191252.jpg', '14830693197072.jpg', '新西兰乳脂奶油、新西兰黄油、美国香草、鸡蛋、韩国砂糖、酥皮 ', '1', null);
INSERT INTO `goods` VALUES ('39', '派', '丝滑巧克力派', '189', '黑巧为地，白奶为雪，雪覆大地，叶落雪上，捧起一口，奶糯巧滑，盈满舌尖', '给嗜巧克力如命的你，放纵一次，饕餮尽兴……', '均可放心使用', '14830693762845.jpg', '14830693762057.jpg', '72%法国进口黑巧克力，新西兰黄油，鸡蛋，天然淡奶油，酥皮 ', '1', null);
INSERT INTO `goods` VALUES ('40', '派', '椰风密语派', '159', '椰香习习，椰丝缕缕，淡淡香甜，轻盈享受', '闭上眼，是阳光海滩的轻风，张开眼，是香烤椰丝的点缀，送入口，是不同质感的汇合', '均可放心使用', '14830694335523.jpg', '14830694339607.jpg', '美国阳光之选椰丝，泰国椰香精油，新西兰奶油，鸡蛋，牛奶，韩国砂糖，酥皮 ', '1', null);
INSERT INTO `goods` VALUES ('41', '派', '蓝莓乳酪派', '269', '这个夏天，当 干燥城市 变 热带森林，蓝酶乳酪 的 清淡酸甜， 给你的味觉 带来 重生之旅', '细腻微甜的乳酪向来是我心中的最爱，配上大颗蓝莓的质感和酸甜清爽，和酥而不腻的派皮，多样的层次和口感，让一切都很完美。 在美国，蓝莓卓越的抗氧化力为它赢得了\"super fruit\"的称号，所以要向既想要美味又想要健康的美食家们大力推荐这一款低糖版的蓝莓乳酪派', '均可放心使用', '14830694832923.jpg', '14830694832122.jpg', ' 蓝莓（中国）、奶油奶酪（澳大利亚）、鸡蛋（中国）、砂糖（韩国）、酥油（美国）、面粉（中国）\r\n', '1', null);
INSERT INTO `goods` VALUES ('42', '挞', '柠檬蛋白挞', '48', '特调柠檬酱加上蛋白霜，酸甜香浓，口味简单却纯正经典', '酥脆的手工挞皮里包裹着特调柠檬馅儿，白色蛋白霜扭来扭去调皮地覆盖顶上，再撒上开心果碎。口味酸甜香浓，纯正经典。', '挞类产品整盒售卖，每盒16个（4组），每盒最多可选4种口味。', '14830697982178.jpg', '14830697985306.jpg', '柠檬（中国）、鸡蛋（中国）、黄油（新西兰）、砂糖（韩国）、面粉（中国）、开心果（伊朗）、巴旦木粉（美国） ', '1', null);
INSERT INTO `goods` VALUES ('43', '挞', '抹茶樱花挞', '48', '粉红与粉绿，茶香奶油与稍带盐味的花香巧克力，色彩口味俱佳', '酥脆的手工挞皮包裹着抹茶卡仕达酱，上面顶着娇俏的绿色抹茶奶油花，以及有粉色盐渍樱花覆盖的白色巧克力片。粉红与粉绿，茶香奶油与稍带盐味的花香巧克力，无论色彩或是口味，都是看了就想咬一口的期待值满分甜点。', '挞类产品整盒售卖，每盒16个（4组），每盒最多可选4种口味。', '14830697743859.jpg', '14830697742900.jpg', '乳脂奶油（法国）、鸡蛋（中国）、牛奶（中国）、砂糖（韩国）、面粉（中国）、黄油（新西兰）、抹茶粉（中国）、盐渍樱花（中国）、白巧克力（比利时）、巴旦木粉（美国） ', '1', null);
INSERT INTO `goods` VALUES ('44', '挞', '黄桃挞', '48', '清甜果味，融合香甜卡仕达酱', '酥脆的手工挞皮中间包裹着香甜的卡仕达酱，顶上搭配清甜的黄桃果肉，口味的正自不必多说，诱人的金黄色，更适合在秋季出镜。', '挞类产品整盒售卖，每盒16个（4组），每盒最多可选4种口味。', '14830698615814.jpg', '14830698614778.jpg', '黄桃（南非）、黄油（新西兰）、香草（美国）、鸡蛋（中国）、牛奶（中国）、砂糖（韩国）、面粉（中国）、巴旦木粉（美国） ', '1', null);
INSERT INTO `goods` VALUES ('45', '挞', '椰子挞', '48', '清香椰味，清甜口味', '酥脆的手工挞皮包裹着椰香卡仕达酱，上面顶着可爱的撒满椰蓉的奶油球，清香椰味，香甜奶油，一口就能俘虏爱甜品的你。', '挞类产品整盒售卖，每盒16个（4组），每盒最多可选4种口味。', '14830699269305.jpg', '14830699268693.jpg', '椰丝（中国）、椰蓉（中国）、乳脂奶油（法国）、鸡蛋（中国）、牛奶（中国）、砂糖（韩国）、面粉（中国）、黄油（新西兰）、巴旦木粉（美国）', '1', null);
INSERT INTO `goods` VALUES ('46', '挞', '薄荷巧克力挞', '48', '浓香巧克力挞配清新薄荷味，口感丰富', '酥脆的手工挞皮包裹着薄荷巧克力酱，上面顶着可爱的撒落着巧克力豆的薄荷奶油花，巧克力的浓香搭配薄荷的清新，丰富的口感在一口香的迷你挞里完美呈现。', '挞类产品整盒售卖，每盒16个（4组），每盒最多可选4种口味。', '14830699744319.jpg', '14830699748860.jpg', '乳脂奶油（法国）、65%黑巧克力（比利时）、鸡蛋（中国）、牛奶（中国）、砂糖（韩国）、面粉（中国）、黄油（新西兰）、薄荷酒（德国）、天然薄荷香精（澳大利亚）、薄荷叶（自养）、巴旦木粉（美国）', '1', null);
INSERT INTO `goods` VALUES ('47', '挞', '南瓜挞', '48', '酥脆的手工挞皮，内馅儿为纯正健康南瓜泥，顶上装饰淡奶油和南瓜子', '酥脆的手工挞皮，内馅儿为纯正健康南瓜泥，顶上装饰淡奶油和南瓜子。', '均可放心使用', '14830700486992.jpg', '14830700489180.jpg', '南瓜（中国）、乳脂奶油（新西兰）、鸡蛋（中国）、牛奶（中国）、砂糖（韩国）、面粉（中国）、黄油（新西兰） ', '1', null);
INSERT INTO `goods` VALUES ('48', '礼盒', '纸杯蛋糕礼盒', '150', '经典纸杯，一盒惊喜，美丽滋味，愉悦分享', '红丝绒、抹茶、香蕉、柠檬、 巧克力、椰子，6款经典纸杯蛋糕组成的Cupcake礼盒，解决你的选择困难症！精美礼盒，适合独享，适合分享。', '礼盒', '14830707109773.jpg', '14830707103568.jpg', '可可粉（法国）、奶油奶酪（澳大利亚）、黄油（新西兰）、乳脂奶油（新西兰）、砂糖（韩国）、糖粉（香港）、面粉（中国）、鸡蛋（中国）、72%黑巧克力（法国）、榛子（中国）、 抹茶粉（中国）、马斯卡伯尼奶酪（意大利）、细砂糖（韩国）、柠檬（中国）、牛奶（中国）、香蕉（中国）、核桃（中国）、香草（美国）、椰丝（美国），椰香精油（泰国） ', '1', null);
INSERT INTO `goods` VALUES ('49', '礼盒', '迷你挞礼盒', '190', '办公室下午茶，朋友聚会，家庭聚餐，有了她就完美了整个派对！', '办公室下午茶，朋友聚会，家庭聚餐，有了她就完美了整个派对！她带着法式野餐女皇的范儿，想和你一起去郊外。', '礼盒', '14830707627729.jpg', '14830707626052.jpg', '黄桃（南非）、黄油（新西兰）、香草（美国）、鸡蛋（中国）、牛奶（中国）、砂糖（韩国）、面粉（中国）、巴旦木粉（美国）、乳脂奶油（法国）、抹茶粉（中国）、盐渍樱花（中国）、白巧克力（比利时）、椰丝（中国）、椰蓉（中国）、65%黑巧克力（比利时）、薄荷酒（德国）、天然薄荷香精（澳大利亚）、薄荷叶（自养）、 ', '1', null);
INSERT INTO `goods` VALUES ('50', '礼盒', '迷你纸杯礼盒', '180', '迷你纸杯，三种口味，臻享甜蜜，聚会好礼!', '礼盒由3种口味的迷你纸杯蛋糕组成：双色红丝绒迷你纸杯、柠檬迷你纸杯和红丝绒迷你纸杯，香甜细腻，唤醒沉睡已久的味蕾，带您感受夏日里浓浓的丛蜜香甜。礼盒尤其适合和家人或好友齐聚，静享惬意甜蜜时光。', '迷你纸杯礼盒口味会按月调整，若跨月订购，请与客服联系。', '14830708873202.jpg', '14830708871150.jpg', '可可粉（法国），奶油奶酪（澳大利亚），黄油（新西兰），乳脂奶油（新西兰），淡奶油（德国），细砂糖（韩国），面粉（中国）、鸡蛋（中国） ', '1', null);
INSERT INTO `goods` VALUES ('51', '蛋糕', '红丝绒圆舞曲蛋糕', '249', '热情浓郁，馥郁芬芳，尽享果味，满口醇香!', '红丝绒圆舞曲蛋糕是在派悦坊经典大都会红丝绒蛋糕的基础上进行了创新，搭配新鲜车厘子、红加仑、蓝莓等水果，口感拾起乳酪的浓香和轻盈酸甜的鲜果，而视觉上则结合了裸蛋糕的精髓。', '1、时令水果会受到季节性影响而有所调整，请以实物为准；\r\n\r\n2、蛋糕使用的部分鲜果原料为当日采购，如遇到当日水果品质达不到制作标准，客服可能和您联络更换产品或更换鲜果品种', '14830710341340.jpg', '14830710347652.jpg', '可可粉（法国）、奶油奶酪（美国）、黄油（新西兰）、乳脂奶油（新西兰）、砂糖（韩国）、糖粉（香港）、面粉（中国）、鸡蛋（中国）、树莓（美国）、蓝莓（中国）、红加仑（法国）、薄荷叶（中国）、车厘子（美国）', '1', null);
INSERT INTO `goods` VALUES ('52', '蛋糕', '沉睡的黑森林', '299', '香草乳酪，樱桃酒醉，沉睡森林，等你来吻!', '沉睡在魔法香草乳酪深处的诱人樱桃酒，用迷人的暗香唤醒三层香浓巧克力戚风蛋糕，每一层的蛋糕胚和乳酪之间还均匀地铺着一层自制的酒渍樱桃果粒夹心，蛋糕胚还上了薄薄的巧克力淋酱，以及用蛋糕块、巧克力卷和新鲜樱桃铺满顶层。这层层叠叠的裸露美味，最终唤醒了沉睡的黑森林，在这暖暖春光中，等你来吻。', '蛋糕使用的部分鲜果原料为当日采购，如遇到当日水果品质达不到制作标准，客服可能和您联络更换产品或更换鲜果品种。', '14830711735977.jpg', '14830711737766.jpg', '面粉（中国）、奶油奶酪（美国）、乳脂奶油（新西兰）、黄油（新西兰）、巧克力（比利时）、樱桃力娇酒（荷兰）、新鲜樱桃（美国）、牛奶（中国）、鸡蛋（中国）、砂糖（中国） ', '1', null);
INSERT INTO `goods` VALUES ('53', '蛋糕', '树莓红丝绒蛋糕', '249', '微酸莓果，粉色浪漫，一眼迷离，一尝倾心!', '红丝绒蛋糕夹杂着细致分明的鲜树莓馅儿，摆脱陈旧，创意新搭配。树莓的微酸搭配红丝绒的浓郁香甜，清爽不腻，清新细腻的口感，更易虏获人的味蕾，好吃到停不下来 。', '1、时令水果会受到季节性影响而有所调整，请以实物为准；\r\n\r\n2、蛋糕使用的部分鲜果原料为当日采购，如遇到当日水果品质达不到制作标准，客服可能和您联络更换产品或更换鲜果品种。', '14830712583485.jpg', '14830712581892.jpg', '可可粉（法国）、奶油奶酪（澳大利亚）、黄油（新西兰）、乳脂奶油（德国）、树莓果蓉（法国）、树莓（中国）、红加仑（法国）、白巧克力（ 比利时）、砂糖（ 韩国）、糖粉（香港）、面粉（中国）、鸡蛋（中国） ', '1', null);
INSERT INTO `goods` VALUES ('54', '蛋糕', '海盐焦糖南瓜慕斯蛋糕', '199', '甜咸相宜，绵软不绝，醇正细腻，满溢纤维', '初入口浓浓的南瓜味，柔软到入口即化，当南瓜慕斯的甜渐渐地渗入浓郁的焦糖海盐慕斯之中，缓缓融于舌尖之后，便是一丝微咸的甜味，绵软无绝期。', '均可放心使用', '14830713221392.jpg', '14830713225857.jpg', '黑巧克力(比利时)、可可粉 (马来西亚)、淡奶油 (法国)、碧根果 (美国 )、白砂糖(韩国)、南瓜籽(中国)、西米(泰国)、南瓜(中国)、鸡蛋(中国)、面粉(中国) ', '1', null);
INSERT INTO `goods` VALUES ('55', '蛋糕', '热情百香果蛋糕', '249', '清新酸甜，香滑浓郁，享尽甜蜜，让人回味', '清新酸甜的百香果慕斯和采用高品质醇厚黑巧克力制作而成的巧克力蛋糕胚融合在一起，蛋糕面上用薄荷叶、红加仑及少许开心果碎点缀，更令人意想不到的是蛋糕内层暗藏着粒粒新鲜蓝莓，使得让这款“热情百香果”蛋糕的口感酸甜，清新不腻。', '1、时令水果会受到季节性影响而有所调整，请以实物为准；\r\n\r\n2、蛋糕使用的部分鲜果原料为当日采购，如遇到当日水果品质达不到制作标准，客服可能和您联络更换产品或更换鲜果品种。', '14830714023040.jpg', '14830714025705.jpg', '奶油奶酪（美国）、鸡蛋（中国）、白砂糖（韩国）、淡奶油（法国）、黑巧克力（比利时）、面粉（中国）、百香果蓉（比利时）、百香果（中国）', '1', null);
INSERT INTO `goods` VALUES ('56', '蛋糕', '大地女神的恩赐', '199', '女神恩赐，丰盛喜宴，如太阳花，秋日盛放', '新款大地女神蛋糕造型升级，口味依旧。甜润的胡萝卜蛋糕，混杂核桃碎与提子干，覆盖微酸的乳酪糖霜，口感丰富，送出齿颊留香的幸福。', '均可放心使用', '14830714888110.jpg', '14830714882947.jpg', '胡萝卜（中国）、核桃（中国）、提子干（中国）、鸡蛋（中国）、肉桂（中国）、面粉（中国）、奶油奶酪（法国）、香草（美国）、糖粉（香港）、迷迭香（中国） ', '1', null);
INSERT INTO `goods` VALUES ('57', '蛋糕', '巧克力物语', '199', '烘培黑巧，柔软湿润，微妙苦甜，丝滑慕斯，香脆榛仁，亦柔亦刚', '在巧克力诞生后，人们经过了超过一个世纪的时间才发现如何把巧克力融入高温烘焙的蛋糕之中，与面团细腻地融合。柔软湿润的蛋糕质地，配上丝滑巧克力慕斯，和香脆的榛仁。回味里有黑巧和榛仁融合的幸福味道。', '均可放心使用', '14830739672517.jpg', '14830739675968.jpg', '72%黑巧克力（法国）、可可粉（法国）、榛子（中国）、黄油（新西兰）、鸡蛋（中国）、面粉（中国） ', '1', null);
INSERT INTO `goods` VALUES ('58', '蛋糕', '摩卡裸蛋糕', '199', '浓醇香溢，馥郁柔滑，甘苦缠绵，绵延不绝', '三层巧克力戚风蛋糕胚，夹着三层香醇丝柔不腻的咖啡奶油，最让人意想不到的是，底层和中间一层的咖啡奶油内藏秋味，优雅甘味的巧克力焦糖核桃在唇齿间绽放迷人，而蛋糕面撒上现磨咖啡粉辅以咖啡豆、巧克力片做视觉和味觉的点睛之笔，馥郁一场华丽难忘的味觉之旅。', '均可放心使用', '14830740462308.jpg', '14830740467062.jpg', '黑巧克力（比利时）、白巧克力（比利时）、咖啡粉（巴西）、咖啡豆（巴西）、淡奶油（法国）、可可粉（马来西亚）、白砂糖（韩国）、核桃（美国）、鸡蛋（中国）、牛奶（中国）、面粉（中国）', '1', null);
INSERT INTO `goods` VALUES ('59', '蛋糕', '栗香蛋糕', '249', '栗栗在目，颗颗分明，嚼的到唇齿之间，柔绵香浓，淡淡栗香，妙不可言', '对栗子蛋糕的最高宠爱便是让可爱的栗子们栗栗在目。不止饱满地立在蛋糕之上，也颗颗分明地隐匿于蛋糕入口的唇齿之间。而看似朴实的外表下，蛋糕胚因为有杏仁粉的加入口感更加香糯柔滑，进口朗姆酒和白兰地使混着栗蓉的奶油甜而不腻。低调的华丽，真材实料的温暖，才是吃得出的幸福味道。', '6寸栗香蛋糕请提前2天预订哦>。', '14830741479301.jpg', '14830741473493.jpg', '栗子泥（法国），特等板栗（中国），黄油（新西兰），朗姆酒（牙买加），白兰地酒（中国），面粉（中国），细砂糖（韩国），乳脂奶油（德国），杏仁粉（美国），柠檬汁（中国）、鸡蛋（中国）', '1', null);
INSERT INTO `goods` VALUES ('60', '蛋糕', '柠檬裸蛋糕', '249', '柠黄橙香，如沐春风，清新怡人，一抿绵滑', '柠檬裸蛋糕清新亮丽，三层柠檬蛋糕胚都单独涂抹柠檬酱，蛋糕胚中藏着法国进口的糖渍橙皮碎，口感瞬间丰富有趣，犹如在贝壳中寻获珍珠。', '蛋糕使用的部分鲜果原料为当日采购，如遇到当日水果品质达不到制作标准，客服可能和您联络更换产品或更换鲜果品种。', '14830742405321.jpg', '14830742403101.jpg', '淡奶油（德国）、鸡蛋（中国）、砂糖（中国）、柠檬（中国） 、低筋面粉（中国）、糖渍橙皮（法国）、新鲜蓝莓（美国）、薄荷叶（中国） ', '1', null);
INSERT INTO `goods` VALUES ('61', '蛋糕', '大都会红丝绒', '199', '传奇配方，红绒白酪，细软厚重，相映成趣，一杯红酒，午后大道，暗夜妖娆，耳语秘密', '传说在18世纪，红色天鹅绒蛋糕是纽约一家餐厅的镇店之宝，因其尊贵眩目的红色和柔软腻华的口感，让无数食客流连忘返。一位热爱这款蛋糕的女士不惜花重金收买餐厅的员工，终于获得了这个秘方，并慢慢传开。19世纪，红色天鹅绒蛋糕进入了美国专业甜品厨师学校的教程，曾经只能只有富豪才能享用的美食，已经成为美国圣诞节的纯正标志。', '均可放心使用', '14830743067911.jpg', '14830743061070.jpg', '可可粉（法国）、奶油奶酪（澳大利亚）、黄油（新西兰）、乳脂奶油（新西兰）、砂糖（韩国）、糖粉（香港）、面粉（中国）、鸡蛋（中国）', '1', null);
INSERT INTO `goods` VALUES ('62', '蛋糕', '淡奶焦糖香蕉蛋糕', '199', '淡奶焦糖，醇美香蕉，娇媚布丁，撩人核桃，香气袭人，暖意妖娆', '简单的华丽，用熬制焦糖的尺度与裱花工艺，考量甜品师的技艺。蛋糕搭配新鲜香蕉果粒烘烤而成，绵密得毫无空隙，却质感轻盈，入口即化。每块蛋糕出炉前4小时完成的淡奶卡士达，100%不含任何黏稠剂。辅以用乳脂奶油、澳洲黄油和韩国幼砂糖在微火上慢慢熬制而成的焦糖，结合香草与牛奶的醇香，交织出缠绵的夏日诱惑。', '均可放心使用', '14830744255083.jpg', '14830744254678.jpg', '香蕉（中国）、牛奶（中国）、乳脂奶油（新西兰）、鸡蛋（中国）、核桃（中国）、面粉（中国）、黄油（澳大利亚）、香草（美国）', '3', null);
INSERT INTO `goods` VALUES ('63', '蛋糕', '原味重乳酪蛋糕', '199', '就是爱这，厚醇乳酪，京城一醉，宠溺自己', '就是爱这，厚醇乳酪，京城一醉，宠溺自己', '均可放心使用', '14830744797066.jpg', '14830744794044.jpg', '奶油奶酪（澳大利亚）、乳脂奶油（新西兰）、砂糖（韩国）、黄油（新西兰）、鸡蛋（中国）、碧根果（美国） ', '1', null);
INSERT INTO `goods` VALUES ('64', '圣诞精选', 'sdfg', '555', 'sdfgh', 'sdfghj', 'erth', '14831778131915.jpg', '14831778139080.png', 'sedfgh', '1', null);
INSERT INTO `goods` VALUES ('65', '蛋糕', '草莓乳酪慕斯蛋糕', '699', '慕斯质地，细腻如丝，柔软如棉，果香馥佩', '这是一款有层次感的甜品，入口能体会草莓的清新，细品能感受奶油的醇香。冻乳酪慕斯由奶油奶酪与乳脂奶油制成，内含海绵蛋糕胚和新鲜草莓果肉，底层则为黄油饼干与碧根果的结合，看上去简单明了，实则内涵丰富。', '新鲜的草莓皆可食用', '14836625333394.jpg', '14836625333654.jpg', '奶油奶酪（澳大利亚）、乳脂奶油（德国）、开心果（美国）、黄油（新西兰）、面粉（中国）、草莓（中国）、碧根果（美国）、鱼胶粉（中国香港）、巴旦木粉（美国）', '2', null);
INSERT INTO `goods` VALUES ('66', '迪士尼系列', 'qwerTY', '222', 'qwerty', '维尔体育', '阿斯顿飞规划局', '14841825318078.jpg', '14841825315773.png', '额外人体育', '1', null);

-- ----------------------------
-- Table structure for goodsclass
-- ----------------------------
DROP TABLE IF EXISTS `goodsclass`;
CREATE TABLE `goodsclass` (
  `id` int(11) unsigned NOT NULL AUTO_INCREMENT,
  `name` varchar(60) NOT NULL,
  `pic` varchar(100) NOT NULL,
  PRIMARY KEY (`id`),
  UNIQUE KEY `name` (`name`)
) ENGINE=InnoDB AUTO_INCREMENT=8 DEFAULT CHARSET=utf8;

-- ----------------------------
-- Records of goodsclass
-- ----------------------------
INSERT INTO `goodsclass` VALUES ('1', '圣诞精选', '14830653599368.jpg');
INSERT INTO `goodsclass` VALUES ('2', '迪士尼系列', '14830657366250.jpg');
INSERT INTO `goodsclass` VALUES ('3', '纸杯蛋糕', '14830672145525.jpg');
INSERT INTO `goodsclass` VALUES ('4', '派', '14830689981155.jpg');
INSERT INTO `goodsclass` VALUES ('5', '挞', '14830696081640.jpg');
INSERT INTO `goodsclass` VALUES ('6', '礼盒', '14830706343434.jpg');
INSERT INTO `goodsclass` VALUES ('7', '蛋糕', '14830709515719.jpg');

-- ----------------------------
-- Table structure for link
-- ----------------------------
DROP TABLE IF EXISTS `link`;
CREATE TABLE `link` (
  `id` int(11) unsigned NOT NULL AUTO_INCREMENT,
  `name` varchar(100) NOT NULL,
  `url` varchar(100) NOT NULL,
  PRIMARY KEY (`id`)
) ENGINE=InnoDB AUTO_INCREMENT=8 DEFAULT CHARSET=utf8;

-- ----------------------------
-- Records of link
-- ----------------------------
INSERT INTO `link` VALUES ('1', '热隔热管', 'http://www.baidu.com');
INSERT INTO `link` VALUES ('2', '诺心LECAKE蛋糕', 'http://www.lecake.com');
INSERT INTO `link` VALUES ('3', 'ebeecake', 'http://www.ebeecake.com');
INSERT INTO `link` VALUES ('4', '21 蛋糕', 'http://www.21cake.com/');
INSERT INTO `link` VALUES ('5', '百度糯米', 'https://bj.nuomi.com');
INSERT INTO `link` VALUES ('6', 'hjkl', 'http://www.lyc.com/admin');
INSERT INTO `link` VALUES ('7', '范围特然', 'vv');

-- ----------------------------
-- Table structure for order
-- ----------------------------
DROP TABLE IF EXISTS `order`;
CREATE TABLE `order` (
  `id` int(10) unsigned NOT NULL AUTO_INCREMENT,
  `orderno` varchar(20) NOT NULL,
  `uid` varchar(11) DEFAULT NULL,
  `username` varchar(30) DEFAULT NULL,
  `userphone` varchar(11) DEFAULT NULL,
  `status` enum('5','4','3','2','1') NOT NULL DEFAULT '1' COMMENT '默认未付款',
  `gain` enum('2','1') NOT NULL DEFAULT '1',
  `address` varchar(120) NOT NULL,
  `gaintime` varchar(20) NOT NULL,
  `sendtime` varchar(20) NOT NULL,
  `gainname` varchar(20) NOT NULL,
  `phone` varchar(11) NOT NULL,
  `paytype` enum('3','2','1') NOT NULL DEFAULT '1',
  `remark` varchar(255) DEFAULT NULL COMMENT '订单备注',
  `total` varchar(10) NOT NULL,
  `hidden` enum('2','1') NOT NULL DEFAULT '1' COMMENT '默认显示价格',
  `userinfo` enum('2','1') NOT NULL DEFAULT '1' COMMENT '默认显示订货人信息',
  PRIMARY KEY (`id`)
) ENGINE=InnoDB AUTO_INCREMENT=40 DEFAULT CHARSET=utf8;

-- ----------------------------
-- Records of order
-- ----------------------------
INSERT INTO `order` VALUES ('1', '2017010437899', '-1127.0.0.1', '梁银川', '17090419324', '1', '1', '昌平', '10:00-11:00', '2017-01-01', '杜龙', '110', '2', '杜蕾斯!!!!!!!!!!!!!', '447', '1', '1');
INSERT INTO `order` VALUES ('2', '2017010497904', '-1127.0.0.1', '色的法规', '23456789', '1', '1', '说地方规划局客户更广泛的飒飒的法规和健康和规范的撒的分工会尽快了解和规范的飒飒地方感觉和框架和规范的撒旦法规和健康和规范', '10:15-11:15', '2017-01-04', '康和规范', '784585', '1', '说地方规划局客户更广泛的飒飒的法规和健康和规范的撒的分工会尽快了解和规范的飒飒地方感觉和框架和规范的撒旦法规和健康和规范', '5668', '1', '1');
INSERT INTO `order` VALUES ('3', '2017010481666', '-1127.0.0.1', '说', '2345678', '1', '', '撒旦法斯蒂芬', '9:00-10:00', '2017-01-07', '是的', '7845147', '2', '撒旦法', '1950', '1', '1');
INSERT INTO `order` VALUES ('4', '2017010475640', '-1127.0.0.1', '撒旦法', '23456', '1', '1', '阿斯顿飞', '9:00-10:00', '2017-01-02', '地方', '1234', '2', '撒旦法', '9334', '1', '1');
INSERT INTO `order` VALUES ('7', '2017010463530', '-1127.0.0.1', 'qq', '11', '1', '1', '11', '10:15-11:15', '2017-01-03', '11', '11', '2', '11', '229', '1', '1');
INSERT INTO `order` VALUES ('8', '2017010451723', '-1127.0.0.1', '1', '11', '1', '1', '1', '10:00-11:00', '2017-01-05', '11', '111', '2', '11', '229', '1', '1');
INSERT INTO `order` VALUES ('9', '2017010427795', '-1127.0.0.1', '11', '11', '1', '', '11', '10:00-11:00', '2017-01-05', '11', '11', '1', '11', '857', '1', '1');
INSERT INTO `order` VALUES ('10', '2017010416229', '-1127.0.0.1', '222', '222', '1', '1', '222', '10:15-11:15', '2017-01-06', '222', '222', '2', '222', '687', '1', '1');
INSERT INTO `order` VALUES ('11', '2017010466769', '-1127.0.0.1', '11', '11', '1', '1', '11', '9:45-10:45', '2017-01-06', '11', '11', '2', '11', '797', '1', '1');
INSERT INTO `order` VALUES ('12', '2017010512741', '-1127.0.0.1', '22', '22', '1', '1', '22', '9:45-10:45', '2017-01-07', '44', '44', '1', '44', '1315', '1', '1');
INSERT INTO `order` VALUES ('13', '2017010510650', '-1127.0.0.1', '', '', '1', '1', '', '', '', '', '', '1', '', '389', '1', '1');
INSERT INTO `order` VALUES ('14', '2017010579444', '-1127.0.0.1', 'ee', '33', '1', '1', 'ee', '10:15-11:15', '2017-01-06', '22', '22', '2', '22', '891', '1', '1');
INSERT INTO `order` VALUES ('15', '2017010570534', '-1127.0.0.1', '22', '22', '1', '1', '22', '10:15-11:15', '2017-01-02', 'qq', '111111', '2', '111', '857', '1', '1');
INSERT INTO `order` VALUES ('16', '2017010625803', '-1127.0.0.1', '333', '333', '1', '1', '333', '10:00-11:00', '2017-01-07', '2222222', '22222222', '2', '222222222', '37128', '1', '1');
INSERT INTO `order` VALUES ('17', '2017010664055', '-1127.0.0.1', '333', '33333', '1', '1', '3333', '10:00-11:00', '2017-01-06', '2345', '2345', '1', '23456', '2283', '1', '1');
INSERT INTO `order` VALUES ('18', '2017010865096', '-1127.0.0.1', '33', '33', '1', '1', '33', '10:00-11:00', '2017-01-08', '22222', '22222', '2', '222', '319', '1', '1');
INSERT INTO `order` VALUES ('19', '2017010887958', '-1127.0.0.1', '444', '444', '1', '1', '444', '9:45-10:45', '2017-01-09', '3333333', '333333', '1', '33333333333', '638', '1', '1');
INSERT INTO `order` VALUES ('20', '2017010894207', '-1127.0.0.1', '444', '444', '1', '', '444', '10:15-11:15', '2017-01-09', '666', '666', '3', '666', '618', '1', '1');
INSERT INTO `order` VALUES ('21', '2017010845202', '-1127.0.0.1', '555', '555', '1', '1', '555', '10:15-11:15', '2017-01-08', '555', '555', '1', '555555555', '288', '1', '1');
INSERT INTO `order` VALUES ('22', '2017010843370', '-1127.0.0.1', '', '', '1', '1', '', '', '', '', '', '1', '', '229', '1', '1');
INSERT INTO `order` VALUES ('23', '2017010870688', '-1127.0.0.1', '', '', '1', '1', '', '', '', '', '', '1', '', '657', '1', '1');
INSERT INTO `order` VALUES ('24', '2017010866450', '-1127.0.0.1', '梁银川', '17090419324', '1', '1', '北京市昌平区', '10:00-11:00', '2016-02-04', '田雪艳', '18832892106', '1', '老公快点给我发货!', '1086', '1', '1');
INSERT INTO `order` VALUES ('25', '2017010821708', '-1127.0.0.1', '', '', '1', '1', '', '', '', '', '', '1', '', '319', '1', '1');
INSERT INTO `order` VALUES ('26', '2017010839058', '-1127.0.0.1', '', '', '1', '1', '', '', '', '', '', '1', '', '229', '1', '1');
INSERT INTO `order` VALUES ('27', '2017010865211', '-1127.0.0.1', 'admin', '123', '1', '1', 'sdr头发给用户将', '20:00-21:00', '2017-01-09', 'admin', '123', '1', 'admin', '229', '1', '1');
INSERT INTO `order` VALUES ('28', '2017010835202', '17', '', '', '1', '1', '', '', '', '', '', '1', '', '48', '1', '1');
INSERT INTO `order` VALUES ('29', '2017010890076', '17', '', '', '1', '1', '', '', '', '', '', '1', '', '319', '1', '1');
INSERT INTO `order` VALUES ('30', '2017010878194', '17', '', '', '1', '1', '', '', '', '', '', '1', '', '2113', '1', '1');
INSERT INTO `order` VALUES ('31', '2017010891054', '17', '', '', '1', '1', '', '', '', '', '', '1', '', '192', '1', '1');
INSERT INTO `order` VALUES ('32', '2017010882740', '-1127.0.0.1', '', '', '1', '1', '', '', '', '', '', '1', '', '638', '1', '1');
INSERT INTO `order` VALUES ('34', '2017010917366', '19', '', '', '1', '1', '', '', '', '', '', '1', '', '1594', '1', '1');
INSERT INTO `order` VALUES ('35', '2017011130379', '17', 'xiaoliang', '1709062211', '1', '1', 'sadadas', '20:00-21:00', '2017-01-11', 'dulong', '11011011011', '1', '110110110110', '1315', '1', '1');
INSERT INTO `order` VALUES ('36', '2017011125301', '21', '李祥隆', '15117979551', '1', '1', '北京', '11:15-12:15', '12-12-12', '李祥隆', '15117979551', '1', '', '50', '1', '1');
INSERT INTO `order` VALUES ('37', '2017011182391', '21', '李祥隆', '1111111111', '1', '1', '撒打算', '16:15-17:15', '1-1-1', '李祥隆', '1111111111', '1', '', '48', '1', '1');
INSERT INTO `order` VALUES ('38', '2017011195278', '17', 'dulong', '13074154865', '1', '1', 'edrtfyuhj', '16:15-17:15', '2017-01-11', 'sdfg', '213456', '2', 'asdfghj', '2171', '1', '1');
INSERT INTO `order` VALUES ('39', '2017011252846', '17', '是', '1111111111', '1', '1', '地方', '15:00-16:00', '2017-01-12', '多少分', '11111', '1', '地方', '4389', '1', '1');

-- ----------------------------
-- Table structure for ordergoods
-- ----------------------------
DROP TABLE IF EXISTS `ordergoods`;
CREATE TABLE `ordergoods` (
  `id` int(10) unsigned NOT NULL AUTO_INCREMENT,
  `orderno` varchar(20) NOT NULL,
  `goodsid` int(11) NOT NULL,
  `price` int(11) NOT NULL,
  `quantity` int(11) NOT NULL,
  `time` varchar(10) DEFAULT NULL,
  PRIMARY KEY (`id`)
) ENGINE=InnoDB AUTO_INCREMENT=86 DEFAULT CHARSET=utf8;

-- ----------------------------
-- Records of ordergoods
-- ----------------------------
INSERT INTO `ordergoods` VALUES ('1', '2017010437899', '40', '159', '1', '2017-01-01');
INSERT INTO `ordergoods` VALUES ('2', '2017010437899', '42', '48', '4', '2017-01-01');
INSERT INTO `ordergoods` VALUES ('3', '2017010437899', '43', '48', '2', '2017-01-01');
INSERT INTO `ordergoods` VALUES ('4', '2017010497904', '1', '229', '1', '2017-01-04');
INSERT INTO `ordergoods` VALUES ('5', '2017010497904', '3', '319', '4', '2017-01-04');
INSERT INTO `ordergoods` VALUES ('6', '2017010497904', '4', '299', '4', '2017-01-04');
INSERT INTO `ordergoods` VALUES ('7', '2017010497904', '5', '219', '4', '2017-01-04');
INSERT INTO `ordergoods` VALUES ('8', '2017010497904', '6', '199', '1', '2017-01-04');
INSERT INTO `ordergoods` VALUES ('9', '2017010497904', '7', '199', '2', '2017-01-04');
INSERT INTO `ordergoods` VALUES ('10', '2017010497904', '8', '199', '2', '2017-01-04');
INSERT INTO `ordergoods` VALUES ('11', '2017010497904', '9', '299', '2', '2017-01-04');
INSERT INTO `ordergoods` VALUES ('12', '2017010497904', '10', '249', '2', '2017-01-04');
INSERT INTO `ordergoods` VALUES ('13', '2017010481666', '1', '229', '2', '2017-01-07');
INSERT INTO `ordergoods` VALUES ('14', '2017010481666', '2', '399', '3', '2017-01-07');
INSERT INTO `ordergoods` VALUES ('15', '2017010481666', '11', '25', '2', '2017-01-07');
INSERT INTO `ordergoods` VALUES ('16', '2017010481666', '13', '25', '1', '2017-01-07');
INSERT INTO `ordergoods` VALUES ('17', '2017010481666', '14', '35', '2', '2017-01-07');
INSERT INTO `ordergoods` VALUES ('18', '2017010481666', '16', '25', '3', '2017-01-07');
INSERT INTO `ordergoods` VALUES ('19', '2017010481666', '17', '25', '3', '2017-01-07');
INSERT INTO `ordergoods` VALUES ('20', '2017010475640', '49', '190', '7', '2017-01-02');
INSERT INTO `ordergoods` VALUES ('21', '2017010475640', '50', '180', '3', '2017-01-02');
INSERT INTO `ordergoods` VALUES ('22', '2017010475640', '51', '249', '2', '2017-01-02');
INSERT INTO `ordergoods` VALUES ('23', '2017010475640', '53', '249', '2', '2017-01-02');
INSERT INTO `ordergoods` VALUES ('24', '2017010475640', '54', '199', '1', '2017-01-02');
INSERT INTO `ordergoods` VALUES ('25', '2017010475640', '55', '249', '2', '2017-01-02');
INSERT INTO `ordergoods` VALUES ('26', '2017010475640', '56', '199', '19', '2017-01-02');
INSERT INTO `ordergoods` VALUES ('27', '2017010475640', '57', '199', '2', '2017-01-02');
INSERT INTO `ordergoods` VALUES ('28', '2017010475640', '58', '199', '8', '2017-01-02');
INSERT INTO `ordergoods` VALUES ('32', '2017010463530', '1', '229', '1', '2017-01-03');
INSERT INTO `ordergoods` VALUES ('33', '2017010451723', '1', '229', '1', '2017-01-05');
INSERT INTO `ordergoods` VALUES ('34', '2017010427795', '1', '229', '2', '2017-01-05');
INSERT INTO `ordergoods` VALUES ('35', '2017010427795', '2', '399', '1', '2017-01-05');
INSERT INTO `ordergoods` VALUES ('36', '2017010416229', '1', '229', '3', '2017-01-06');
INSERT INTO `ordergoods` VALUES ('37', '2017010466769', '51', '249', '2', '2017-01-06');
INSERT INTO `ordergoods` VALUES ('38', '2017010466769', '52', '299', '1', '2017-01-06');
INSERT INTO `ordergoods` VALUES ('39', '2017010512741', '3', '319', '1', '2017-01-07');
INSERT INTO `ordergoods` VALUES ('40', '2017010512741', '51', '249', '4', '2017-01-07');
INSERT INTO `ordergoods` VALUES ('41', '2017010510650', '3', '319', '1', '2017-01-10');
INSERT INTO `ordergoods` VALUES ('42', '2017010510650', '12', '35', '2', '2017-01-10');
INSERT INTO `ordergoods` VALUES ('43', '2017010579444', '35', '159', '5', '2017-01-06');
INSERT INTO `ordergoods` VALUES ('44', '2017010579444', '43', '48', '2', '2017-01-06');
INSERT INTO `ordergoods` VALUES ('45', '2017010570534', '1', '229', '2', '2017-01-02');
INSERT INTO `ordergoods` VALUES ('46', '2017010570534', '2', '399', '1', '2017-01-02');
INSERT INTO `ordergoods` VALUES ('47', '2017010625803', '1', '229', '5', '2017-01-07');
INSERT INTO `ordergoods` VALUES ('48', '2017010625803', '2', '399', '10', '2017-01-07');
INSERT INTO `ordergoods` VALUES ('49', '2017010625803', '4', '299', '107', '2017-01-07');
INSERT INTO `ordergoods` VALUES ('50', '2017010664055', '1', '229', '3', '2017-01-06');
INSERT INTO `ordergoods` VALUES ('51', '2017010664055', '2', '399', '4', '2017-01-06');
INSERT INTO `ordergoods` VALUES ('52', '2017010865096', '3', '319', '1', '2017-01-08');
INSERT INTO `ordergoods` VALUES ('53', '2017010887958', '3', '319', '2', '2017-01-08');
INSERT INTO `ordergoods` VALUES ('54', '2017010894207', '3', '319', '1', '2017-01-08');
INSERT INTO `ordergoods` VALUES ('55', '2017010894207', '4', '299', '1', '2017-01-08');
INSERT INTO `ordergoods` VALUES ('56', '2017010845202', '42', '48', '4', '2017-01-08');
INSERT INTO `ordergoods` VALUES ('57', '2017010845202', '43', '48', '1', '2017-01-08');
INSERT INTO `ordergoods` VALUES ('58', '2017010845202', '44', '48', '1', '2017-01-08');
INSERT INTO `ordergoods` VALUES ('59', '2017010843370', '1', '229', '1', '2017-01-08');
INSERT INTO `ordergoods` VALUES ('60', '2017010870688', '5', '219', '3', '2017-01-08');
INSERT INTO `ordergoods` VALUES ('61', '2017010866450', '1', '229', '3', '2017-01-08');
INSERT INTO `ordergoods` VALUES ('62', '2017010866450', '2', '399', '1', '2017-01-08');
INSERT INTO `ordergoods` VALUES ('63', '2017010821708', '3', '319', '1', '2017-01-08');
INSERT INTO `ordergoods` VALUES ('64', '2017010839058', '1', '229', '1', '2017-01-08');
INSERT INTO `ordergoods` VALUES ('65', '2017010865211', '1', '229', '1', '2017-01-08');
INSERT INTO `ordergoods` VALUES ('66', '2017010835202', '42', '48', '1', '2017-01-08');
INSERT INTO `ordergoods` VALUES ('67', '2017010890076', '3', '319', '1', '2017-01-08');
INSERT INTO `ordergoods` VALUES ('68', '2017010878194', '1', '229', '4', '2017-01-08');
INSERT INTO `ordergoods` VALUES ('69', '2017010878194', '2', '399', '3', '2017-01-08');
INSERT INTO `ordergoods` VALUES ('70', '2017010891054', '42', '48', '3', '2017-01-08');
INSERT INTO `ordergoods` VALUES ('71', '2017010891054', '43', '48', '1', '2017-01-08');
INSERT INTO `ordergoods` VALUES ('72', '2017010882740', '3', '319', '2', '2017-01-08');
INSERT INTO `ordergoods` VALUES ('75', '2017010917366', '3', '319', '2', '2017-01-09');
INSERT INTO `ordergoods` VALUES ('76', '2017010917366', '4', '299', '1', '2017-01-09');
INSERT INTO `ordergoods` VALUES ('77', '2017010917366', '5', '219', '3', '2017-01-09');
INSERT INTO `ordergoods` VALUES ('78', '2017011130379', '1', '229', '4', '2017-01-11');
INSERT INTO `ordergoods` VALUES ('79', '2017011130379', '2', '399', '1', '2017-01-11');
INSERT INTO `ordergoods` VALUES ('80', '2017011125301', '11', '25', '2', '2017-01-11');
INSERT INTO `ordergoods` VALUES ('81', '2017011182391', '43', '48', '1', '2017-01-11');
INSERT INTO `ordergoods` VALUES ('82', '2017011195278', '1', '229', '2', '2017-01-11');
INSERT INTO `ordergoods` VALUES ('83', '2017011195278', '42', '48', '1', '2017-01-11');
INSERT INTO `ordergoods` VALUES ('84', '2017011195278', '64', '555', '3', '2017-01-11');
INSERT INTO `ordergoods` VALUES ('85', '2017011252846', '2', '399', '11', '2017-01-12');

-- ----------------------------
-- Table structure for paytype
-- ----------------------------
DROP TABLE IF EXISTS `paytype`;
CREATE TABLE `paytype` (
  `id` int(11) unsigned NOT NULL AUTO_INCREMENT,
  `payname` varchar(20) NOT NULL,
  PRIMARY KEY (`id`)
) ENGINE=InnoDB DEFAULT CHARSET=utf8;

-- ----------------------------
-- Records of paytype
-- ----------------------------

-- ----------------------------
-- Table structure for privilege
-- ----------------------------
DROP TABLE IF EXISTS `privilege`;
CREATE TABLE `privilege` (
  `id` int(11) unsigned NOT NULL AUTO_INCREMENT,
  `uid` int(11) NOT NULL,
  `status` enum('2','1') NOT NULL DEFAULT '1',
  `value` int(10) unsigned NOT NULL,
  `start` varchar(10) NOT NULL,
  `expire` varchar(10) NOT NULL,
  PRIMARY KEY (`id`)
) ENGINE=InnoDB DEFAULT CHARSET=utf8;

-- ----------------------------
-- Records of privilege
-- ----------------------------

-- ----------------------------
-- Table structure for rotation
-- ----------------------------
DROP TABLE IF EXISTS `rotation`;
CREATE TABLE `rotation` (
  `id` int(10) unsigned NOT NULL AUTO_INCREMENT,
  `pic` varchar(30) DEFAULT NULL,
  `goodsid` int(11) DEFAULT NULL,
  `goodsname` varchar(60) DEFAULT NULL,
  PRIMARY KEY (`id`)
) ENGINE=InnoDB AUTO_INCREMENT=10 DEFAULT CHARSET=utf8;

-- ----------------------------
-- Records of rotation
-- ----------------------------
INSERT INTO `rotation` VALUES ('1', '14830761811901.jpg', '4', '小熊维尼原味重乳酪蛋糕');
INSERT INTO `rotation` VALUES ('2', '14830764796850.jpg', '1', '惊叹树心蛋糕');
INSERT INTO `rotation` VALUES ('3', '14830766942280.jpg', '16', '抹茶黑芝麻纸杯蛋糕');
INSERT INTO `rotation` VALUES ('4', '14830768214630.jpg', '6', '小熊维尼主题纸杯蛋糕礼盒');
INSERT INTO `rotation` VALUES ('5', '14830768923605.jpg', '10', '疯狂动物城大地女神蛋糕');
INSERT INTO `rotation` VALUES ('6', '14830769498647.jpg', '54', '海盐焦糖南瓜慕斯蛋糕');
INSERT INTO `rotation` VALUES ('7', '14830770352886.jpg', '43', '抹茶樱花挞');
INSERT INTO `rotation` VALUES ('8', '14830770878176.jpg', '7', '疯狂动物城纸杯蛋糕礼盒');
INSERT INTO `rotation` VALUES ('9', '14836625977737.jpg', '65', '草莓乳酪慕斯蛋糕');

-- ----------------------------
-- Table structure for shopcar
-- ----------------------------
DROP TABLE IF EXISTS `shopcar`;
CREATE TABLE `shopcar` (
  `id` int(10) unsigned NOT NULL AUTO_INCREMENT,
  `goodsid` int(10) unsigned DEFAULT NULL,
  `goodnum` int(10) unsigned DEFAULT NULL,
  `uid` char(23) DEFAULT '1',
  `pic` char(23) NOT NULL,
  PRIMARY KEY (`id`)
) ENGINE=InnoDB AUTO_INCREMENT=100 DEFAULT CHARSET=utf8;

-- ----------------------------
-- Records of shopcar
-- ----------------------------
INSERT INTO `shopcar` VALUES ('27', '61', '199', '-1192.168.166.170', '14830743061070.jpg');
INSERT INTO `shopcar` VALUES ('95', '1', '229', '-1127.0.0.1', '14830662782276.jpg');
INSERT INTO `shopcar` VALUES ('96', '1', '229', '-1127.0.0.1', '14830662782276.jpg');
INSERT INTO `shopcar` VALUES ('97', '51', '249', '-1192.168.166.31', '14830710347652.jpg');
INSERT INTO `shopcar` VALUES ('98', '2', '399', '-1192.168.166.31', '14830656281026.jpg');
INSERT INTO `shopcar` VALUES ('99', '64', '555', '-1192.168.166.31', '14831778139080.png');

-- ----------------------------
-- Table structure for user
-- ----------------------------
DROP TABLE IF EXISTS `user`;
CREATE TABLE `user` (
  `id` int(10) unsigned NOT NULL AUTO_INCREMENT,
  `username` varchar(30) NOT NULL,
  `password` varchar(50) NOT NULL,
  `level` int(11) NOT NULL DEFAULT '1',
  `limits` enum('2','1') NOT NULL DEFAULT '1' COMMENT '1:普通会员  2:管理员',
  `integral` int(255) unsigned DEFAULT '0',
  `memberno` varchar(11) DEFAULT NULL,
  PRIMARY KEY (`id`),
  UNIQUE KEY `username` (`username`),
  UNIQUE KEY `memberno` (`memberno`)
) ENGINE=InnoDB AUTO_INCREMENT=26 DEFAULT CHARSET=utf8;

-- ----------------------------
-- Records of user
-- ----------------------------
INSERT INTO `user` VALUES ('1', 'kkk', 'kkk', '1', '1', '0', '17090419324');
INSERT INTO `user` VALUES ('3', 'aaa', 'aaa', '1', '1', '0', '17090419323');
INSERT INTO `user` VALUES ('4', 'qqq', 'qqq', '1', '1', '0', '17090419355');
INSERT INTO `user` VALUES ('6', 'ooo', 'ooo', '1', '1', '0', '17090419335');
INSERT INTO `user` VALUES ('7', 'ppp', 'ppp', '1', '1', '0', '17090419322');
INSERT INTO `user` VALUES ('8', 'ddd', 'ddd', '1', '2', '0', '7090141111');
INSERT INTO `user` VALUES ('9', 'sss', 'sss', '1', '2', '0', '120');
INSERT INTO `user` VALUES ('10', 'df', 'df', '1', '2', '0', '123');
INSERT INTO `user` VALUES ('15', 'asd', 'asd', '1', '2', '0', null);
INSERT INTO `user` VALUES ('16', 'asdf', 'asdf', '1', '2', '0', null);
INSERT INTO `user` VALUES ('17', 'admin', 'admin', '1', '2', '110743', null);
INSERT INTO `user` VALUES ('18', '15512', '123456', '1', '1', '0', '18832892106');
INSERT INTO `user` VALUES ('19', '456', '456', '1', '1', '1594', '456');
INSERT INTO `user` VALUES ('20', '梁银川', 'liangyc', '1', '1', '0', '03155299060');
INSERT INTO `user` VALUES ('21', 'lixianglong', 'lixianglong', '1', '1', '50', '12345678901');
INSERT INTO `user` VALUES ('22', '123', 'aaa', '1', '1', '0', '123123');
INSERT INTO `user` VALUES ('23', '456456', '456456', '1', '1', '0', '456456');
INSERT INTO `user` VALUES ('24', 'liangyinchuan', '222222', '1', '1', '0', '18141929561');
INSERT INTO `user` VALUES ('25', 'liangyc', '111111', '1', '1', '0', '18141929562');

-- ----------------------------
-- Table structure for userinfo
-- ----------------------------
DROP TABLE IF EXISTS `userinfo`;
CREATE TABLE `userinfo` (
  `id` int(11) unsigned NOT NULL AUTO_INCREMENT,
  `uid` int(11) NOT NULL,
  `phone` varchar(11) NOT NULL,
  `birth` varchar(10) DEFAULT NULL,
  `kin1` varchar(10) DEFAULT NULL,
  `kin2` varchar(10) DEFAULT NULL,
  `email` varchar(50) DEFAULT NULL,
  `address` varchar(100) DEFAULT NULL,
  `special` varchar(255) DEFAULT NULL,
  PRIMARY KEY (`id`)
) ENGINE=InnoDB AUTO_INCREMENT=22 DEFAULT CHARSET=utf8;

-- ----------------------------
-- Records of userinfo
-- ----------------------------
INSERT INTO `userinfo` VALUES ('1', '1', '17090419324', '1990-03-28', '1990-03-28', '1990-03-28', '9718960885@qq.com', '说地方规划局客户更广泛的撒旦法规和健康和规范', '的飒飒的法规和健康和规范的撒的分工会尽快了解和规范的飒飒地方感觉和框架和规范');
INSERT INTO `userinfo` VALUES ('2', '3', '17090419323', null, null, null, null, null, null);
INSERT INTO `userinfo` VALUES ('3', '4', '17090419355', null, null, null, null, null, null);
INSERT INTO `userinfo` VALUES ('4', '5', '17090419333', null, null, null, null, null, null);
INSERT INTO `userinfo` VALUES ('5', '6', '17090419335', null, null, null, null, null, null);
INSERT INTO `userinfo` VALUES ('6', '7', '17090419322', null, null, null, null, null, null);
INSERT INTO `userinfo` VALUES ('7', '8', '7090141111', null, null, null, null, null, null);
INSERT INTO `userinfo` VALUES ('8', '9', '120', null, null, null, null, null, null);
INSERT INTO `userinfo` VALUES ('9', '10', '123', null, null, null, null, null, null);
INSERT INTO `userinfo` VALUES ('10', '13', '13', null, null, null, null, null, null);
INSERT INTO `userinfo` VALUES ('11', '15', '15', null, null, null, null, null, null);
INSERT INTO `userinfo` VALUES ('12', '16', '16', null, null, null, null, null, null);
INSERT INTO `userinfo` VALUES ('13', '17', '17', '1990-03-00', '1990-03-02', '1990-03-02', '971890885@qq.com', 'swedrftyuijkaa', 'edrftyhuijklqq');
INSERT INTO `userinfo` VALUES ('14', '18', '18832892106', null, null, null, null, null, null);
INSERT INTO `userinfo` VALUES ('15', '19', '456', null, null, null, null, null, null);
INSERT INTO `userinfo` VALUES ('16', '20', '03155299060', '1990-03-28', '1954-05-07', '1963-03-20', '971890885@qq.com', '昌平区', '特殊要求特殊要求特殊要求特殊要求特殊要求特殊要求特殊要求特殊要求特殊要求特殊要求特殊要求特殊要求特殊要求');
INSERT INTO `userinfo` VALUES ('17', '21', '12345678901', null, null, null, null, null, null);
INSERT INTO `userinfo` VALUES ('18', '22', '123123', null, null, null, null, null, null);
INSERT INTO `userinfo` VALUES ('19', '23', '456456', null, null, null, null, null, null);
INSERT INTO `userinfo` VALUES ('20', '24', '18141929561', null, null, null, null, null, null);
INSERT INTO `userinfo` VALUES ('21', '25', '18141929562', null, null, null, null, null, null);
